{"stats":{"minecraft:picked_up":{"minecraft:birch_log":1,"minecraft:cow_spawn_egg":3,"minecraft:beef":4,"minecraft:gray_wool":1,"minecraft:grass_block":5,"minecraft:mutton":3,"minecraft:white_wool":1},"minecraft:used":{"minecraft:dirt":12,"minecraft:grass_block":2,"minecraft:birch_log":3},"minecraft:killed":{"minecraft:sheep":2,"minecraft:cow":2},"minecraft:dropped":{"minecraft:cow_spawn_egg":4,"minecraft:beef":2,"minecraft:birch_log":1,"minecraft:grass_block":5},"minecraft:custom":{"minecraft:time_since_rest":14899,"minecraft:sprint_one_cm":10149,"minecraft:play_time":14899,"minecraft:damage_taken":50,"minecraft:walk_one_cm":14677,"minecraft:sneak_time":69,"minecraft:mob_kills":4,"minecraft:drop":12,"minecraft:jump":81,"minecraft:damage_dealt":980,"minecraft:leave_game":1,"minecraft:time_since_death":14899,"minecraft:total_world_time":14899,"minecraft:fall_one_cm":1048,"minecraft:fly_one_cm":191479}},"DataVersion":3465}