{
  "minecraft:recipes/decorations/crafting_table": {
    "criteria": {
      "unlock_right_away": "2024-09-15 21:22:48 +0000"
    },
    "done": true
  },
  "minecraft:adventure/adventuring_time": {
    "criteria": {
      "minecraft:old_growth_pine_taiga": "2024-09-15 21:24:34 +0000",
      "minecraft:birch_forest": "2024-09-15 21:23:50 +0000",
      "minecraft:beach": "2024-09-15 21:24:25 +0000",
      "minecraft:dark_forest": "2024-09-15 21:23:51 +0000",
      "minecraft:river": "2024-09-15 21:23:48 +0000",
      "minecraft:old_growth_spruce_taiga": "2024-09-15 21:23:57 +0000",
      "minecraft:old_growth_birch_forest": "2024-09-15 21:22:49 +0000"
    },
    "done": false
  },
  "DataVersion": 3465
}